Tweet_text,"Date,Time,Year",No.of likes,No.of Retweets,No.of Images
@IEEEBigMM19 is also available on Facebook now. LIKE its Facebook page https://t.co/B3Q0zmmzXb  to get the regular updates. Check more details at https://t.co/w9ZymoPisk #IEEE #BigMM19 #Big #Multimedia #Singapore,Wed Mar 20 08:19:24 +0000 2019,1,1,None
"BigMM 2019 : IEEE BigMM 2019 ‚Äì Call for Workshop Proposals  https://t.co/I4vqf8FE6K ‚Ä¶  When: Sep 11, 2019 - Sep 13, 2019 Where: SingaporeSubmission Deadline: Apr 1, 2019 Notification Due: Apr 10, 2019 #IEEE #BigData #Singapore #Multimedia",Wed Mar 20 02:40:07 +0000 2019,0,4,None
"BigMM 2019 : IEEE BigMM 2019 ‚Äì Call for Workshop Proposalshttps://t.co/oUq2G0UgKNWhen: Sep 11, 2019 - Sep 13, 2019Where: SingaporeSubmission Deadline: Apr 1, 2019Notification Due: Apr 10, 2019#IEEE #BigMM #Workshop #Proposal #Singapore #Multimedia",Mon Mar 18 02:27:47 +0000 2019,6,3,None
"Congratulations @midasIIITD team, Rohan, Pradyumn, Ramit, @debanjanbhucs, @MADAIguy and @RatnRajiv for getting their paper titled, ""SNAP-BATNET: Cascading Author Profiling and Social Network Graphs for Suicide Ideation Detection on Social Media"", accepted at @NAACLHLT SRW.",Sun Mar 17 14:22:04 +0000 2019,15,4,None
We have emailed the task details to all shortlisted candidates for @midasIIITD internship. Kindly check the same. If you are one of the shortlisted candidates and have not received the email then check your SPAM first before approaching. #MIDAS #Summer #Research #Internship,Sat Mar 16 14:06:56 +0000 2019,6,0,None
"IEEE BigMM 2019 - Call for Workshop Proposals. Contact @midasIIITD @RatnRajiv @debanjanbhucs if you have any query. Deadlines: - Proposals due: April 1, 2019- Acceptance notification: April 10, 2019Further information:- Webpage: https://t.co/5XX5Wyxp5T#IEEE #BigMM19",Sat Mar 16 09:20:29 +0000 2019,1,1,None
"Congratulations! Arijit, Ramit, @debanjanbhucs @RatnRajiv for your @NAACLHLT  @naacl SRW 2019 paper, ""Speak Up, Fight Back! Detection of Social Media Disclosures of Sexual Harassment"". Check more details at https://t.co/i6eAHg7gcN#MeToo #Student #Research  #Paper #NAACL",Sat Mar 16 09:14:58 +0000 2019,7,2,None
We will be releasing a very interesting task to shortlisted candidates for the internship at @midasIIITD today. You will be having 10 days to solve the same. You will get a detailed email on the task and submission instruction today. Looking forward to your out of box solution.,Sat Mar 16 05:13:14 +0000 2019,7,2,None
"Last day to register for #PortfolioCreationinDesign Workshop Indraprastha Institute of Information Technology, Delhi on 15th March by Ankur SardanaRegister at - https://t.co/LlO29aGmaE #HCDIIITD #workshop https://t.co/EWQ7fuGNDD",Wed Mar 13 17:09:44 +0000 2019,0,2,None
"@ACMMM19 @sigmm @TheOfficialACM @acmmmsys @ACMTVX @ACMICMR @euromm @Benoit_Huet @RatnRajiv @kelkalot We need to clearly mention abstract and final submission deadlines at https://t.co/U7DTNNyw87Currently, we have just mentioned 1st April as the regular paper submission deadline. Kindly update. #ACMMM19 #Nice #Multimedia https://t.co/ocOCrlFHLH",Wed Mar 13 04:11:24 +0000 2019,1,0,1
"The paper deadline is approaching. 1 April abstract is due. Authors will have until 8 April to upload the final PDF version of their paper submission. For complete submission information, see https://t.co/zKyqPAxErM @sigmm @TheOfficialACM @acmmmsys @ACMTVX @ACMICMR @euromm",Wed Mar 13 04:06:04 +0000 2019,0,13,None
Bookmark this amazing library of image augmentations üòµ by #Kaggle Masters @AlBuslaev @creaf @viglovikov and @cvtalks | https://t.co/7hTShJvbqZ #resources #machinelearning https://t.co/QMOfNmU8dH,Tue Mar 12 17:43:44 +0000 2019,0,68,None
Awesome members of our @midasIIITD team who are working on Humonics projects. Great to have you on our team. #team #research #AI #ML #projects https://t.co/lN7hItwPO9,Tue Mar 12 14:37:55 +0000 2019,16,4,1
"@saanidhi @ACMMM19 Before Friday, 15th March.",Mon Mar 11 14:58:30 +0000 2019,0,0,None
We are glad to inform that Adobe is launching Women‚Äôs day Tech-Challenge to hire female engineers from 2019 Batch under our #SheCodes initiative. Please register here for participating in the challenge at https://t.co/DjkKCJHDBCCheck full details at https://t.co/5ArLu3icva,Mon Mar 11 12:02:42 +0000 2019,4,0,None
"We will email tasks to all shortlisted candidates for an internship at @midasIIITD by Friday, 15th March. If you are shortlisted and did not hear from us by that time then kindly drop an email to us. Looking forward to working with you.#research #Internship #AI @ACMMM19",Mon Mar 11 11:54:38 +0000 2019,3,0,None
"@ACMMM19 @ACM_MM2018 @acmmm17 @sigmm @ACM Less than three weeks are left for @ACMMM19 submission. Looking forward to your contribution to #ACMMM and see you in Nice, France. @midasIIITD @iiit_hyderabad @iitdelhi @abhinavdhall @iitmadras @iiscbangalore @IITKanpur @iitbombay @iitkharagpur @IITJodhpur @iitropar @IIITDelhi",Mon Mar 11 06:22:12 +0000 2019,1,1,None
Face Recognition using One-Shot Learning ‚Äì #DeepLearningusing DL architecture that works great with one-shot learning called Siamese Network.https://t.co/Z5oH9vrCns https://t.co/lAubt8vZrM,Mon Mar 11 06:17:20 +0000 2019,0,64,None
@AvinashSwamina2 @IIITDelhi No. They will be given tasks along with students who will be selected in the second round.,Fri Mar 08 13:22:07 +0000 2019,1,0,None
We are in the process of finalizing the shortlisted candidates for internship at @midasIIITD which we have received in the second round.We will assign tasks to all shortlisted candidates around early next week. We are also delaying the task since DTU has mid-sem until 15 March.,Fri Mar 08 13:15:34 +0000 2019,8,4,None
@ylecun @NilayShri @the_dhumketu @debanjanbhucs will it be useful?,Wed Mar 06 13:44:11 +0000 2019,3,0,None
RT @kdnuggets: Python Data Science for Beginners https://t.co/yRExdmdZGh https://t.co/vRqTRuayO3,Wed Mar 06 11:12:30 +0000 2019,0,22,1
Useful feature of our Python stanfordnlp: get lemmas &amp; morphology in many languages. Le ski de fond touch√©‚Üílemma toucher feats Gender=Masc|Number=Sing|Tense=Past|VerbForm=Partei kerrottaisi‚Üílemma kertoa feats Connegative=Yes|Mood=Cnd|VerbForm=Fin https://t.co/p6MhHyHLC2,Sun Mar 03 19:36:04 +0000 2019,0,35,None
"@NilayShri @NilayShri, Certain thing! The next team outing will be for lipreading team. Probably, just after @ACMMM19 submission.",Sun Mar 03 17:09:48 +0000 2019,1,0,None
"At @midasIIITD, we not only work hard but also have fun. Today, we had a team (for Humonics sponsored projects) outing at Pirates of Grill. It was a wonderful day with lots of fun. #fun #lunch #MIDAS https://t.co/MEVA1NfHRd",Sun Mar 03 15:37:28 +0000 2019,9,1,1
"Considering several requests to extend the deadline for internship application, @midasIIITD at @IIITDelhi has decided that we will open the internship form https://t.co/t54AZ9eo26 again on March 7 and process all application received by March 8, 10 am.#research #Internship #AI",Sun Mar 03 14:55:31 +0000 2019,6,2,None
"39 studies about human perception in 30 minutes by @kennelliott Awesome article. If you do any visualization or computer vision, these are things you need to know (but most people still don't know!)https://t.co/V5aR9a9q2C",Sun Mar 03 14:26:40 +0000 2019,0,315,None
Correction:   @midasIIITD at @IIITDelhi,Sat Mar 02 17:43:05 +0000 2019,1,0,None
"Thanks much to all aspirants who have applied for the summer internship 2019 at @midasIIITD at @midasIIITD. We have received over 200 applications. Thus, many good applications are not selected for next round. We have sent emails to all candidates, kindly check that for results.",Sat Mar 02 09:59:03 +0000 2019,7,1,None
RT @kdnuggets: Keras Hyperparameter Tuning in Google Colab Using Hyperas https://t.co/hmaI4ukJRX https://t.co/s3nTqqgnAb,Thu Feb 28 14:21:21 +0000 2019,0,4,1
"Great meeting with @midasIIITD alumnus, Sanket Jain today.He was among first MTech students who worked with me at @IIITDelhi.Currently, he works at @MicrosoftIndia in Bangalore office.Best wishes for his career.#MIDAS #Alumnus https://t.co/k8oCm8DdgU",Tue Feb 26 18:30:52 +0000 2019,0,1,None
Correction: They have published the following paper only:PROMPT: Personalized User Tag Recommendation for Social Media Photos Leveraging Personal and Social Contexts.,Tue Feb 26 03:40:22 +0000 2019,0,0,None
"We will process all applications received by March 1, 2019 and notify all shortlisted candidates by March 3. If you have not applied yet for @midasIIITD internship then you may do so by filling the form https://t.co/t54AZ9eo26#MIDAS #IIITD #Internship #NLP #ML #AI #DL #CV",Mon Feb 25 16:10:46 +0000 2019,2,1,None
"Jit Ghosh discusses the ""GloVe"" 2014 Stanford paper on word embeddings. This one was a great session! #paperreviewcalls #nlp #deeplearning https://t.co/bLhT8WpwqW",Sun Feb 24 03:39:40 +0000 2019,0,8,None
"This CVPR workshop is looking for applications of computer vision in developing countries. You don't need to submit a finished method paper, the workshop is actually seeking ideas for research directions and important problems to solve. https://t.co/jH1VuO3rx4",Sat Feb 23 15:41:27 +0000 2019,0,90,None
PhD Admission 2019 are open nowOnline applications starts from 20th February 2019 and the last date to apply is 14th March 2019.. For more details please visit the following link: https://t.co/DwK2DPkSAM,Fri Feb 22 11:54:49 +0000 2019,0,8,None
"#AI for Social Good study - how to inform policy, achieve interpretability, reduce bias and more -include review of global initiative and UN Goalscontributions from 16 experts @teamrework https://t.co/KVArhQvbtN https://t.co/5ZQd0M7HPa",Thu Feb 21 16:27:54 +0000 2019,0,13,None
@IIITDelhi has initiated PhD Admission 2019 process (Regular Round).Online applications start from 20th February 2019 and the last date to apply is 14th March 2019.For more details please visit the following link: https://t.co/qWa9I7CFqX.#IIITD #PhD #Admission,Thu Feb 21 06:39:27 +0000 2019,2,1,None
"We tend to focus mainly on creating learning algorithms, and yet there is so much that can be gained from unlearning. In humans, this is one of the main functions of sleep ‚Äî so here we are ... sleeping neural networks!https://t.co/YHMe5MmO8w",Thu Feb 21 04:48:24 +0000 2019,0,13,None
"@RealAAAI @RatnRajiv Thanks, @RealAAAI for recognizing our efforts. Congratulations, @midasIIITD students for winning Best Student Poster award at 33rd AAAI Conference on Artificial Intelligence. Many thanks to authors, Raghav, @the_dhumketu Kshitij, @RatnRajiv @ponguru and Roger. #AAAI19 #AI https://t.co/oKy1OYCOAR",Wed Feb 20 07:09:19 +0000 2019,4,1,1
"Deepak Gupta, has joined @Google today. Earlier this week, Anupam Samanta, has also joined Google. Both will be working at Google office in Mount View, California, USA. Having immense pride to see their success.They have published two papers with @midasIIITD head @RatnRajiv https://t.co/QEiIs5nTSn",Wed Feb 20 05:38:29 +0000 2019,4,2,1
We are pleased to announce the multimedia Grand Challenges that will be offered at ACM Multimedia in 2019. Check out the list; more info available soon. https://t.co/IWN1WK1Vh4@sigmm @ACM_MM2018 @acmmm17 @acmmm16 @acm,Tue Feb 19 17:16:24 +0000 2019,0,15,None
"In addition to projects related to NLP and Multimedia systems, we have open positions for 3D animation interns too. Candidate should have knowledge of Maya character animation, modeling, and good drawing skills. To apply, fill https://t.co/t54AZ9eo26and mention ""3D Animation""",Tue Feb 19 04:29:33 +0000 2019,3,2,None
RT @technology: What could the manufacturing industry teach healthcare?,Tue Feb 19 04:19:05 +0000 2019,0,292,None
Dr. Layla El Asri wants you to be able to talk to your machine just like you‚Äôd talk to another person. That‚Äôs the easy part. Tune in Wednesday to hear how @elasri_layla is getting your machine to understand and talk back to you like a human: #MSRPodcast: https://t.co/SxQB5g1RGh,Tue Feb 19 04:18:53 +0000 2019,0,22,None
"To apply for @midasIIITD internship at @IIITDelhi, fill the following form: https://t.co/t54AZ9eo26  Check more details at https://t.co/GvP3wsWtzXPls share @debanjanbhucs @RatnRajiv @the_dhumketu @Hitkul_ @NilayShri #Research #Internship #Multimedia #NLP #ML #DeepLearning",Mon Feb 18 17:29:44 +0000 2019,11,9,None
Digital ag is Cornell‚Äôs newest radical collaboration initiative‚Üíhttps://t.co/hVXSnoSbnS#DigitalAg #Cornell @CornellNews https://t.co/uxAFPzN5iE,Mon Feb 18 05:37:59 +0000 2019,0,6,None
Introduction to StanfordNLP: a state-of-the-art NLP library for 53 languages @StanfordNLP #DataScience #NLP #NaturalLanguageProcessing https://t.co/6vxvBat1jS,Sun Feb 17 17:22:06 +0000 2019,0,51,None
Looking forward to your participation in Multimedia Grand Challenges of @ACMMM19 Several interesting challenges are available at https://t.co/mGYxuvrve5@midasIIITD lab is looking forward to helping students from Indian institutes who plan to participate. #ACMMM #Multimedia,Sun Feb 17 09:02:28 +0000 2019,3,1,None
"Consider attending National Workshop on Intelligent Multimodal Interfaces (NWIMI) at Indian Institute of Technology Jodhpur @IITJodhpur from March 9-10, 2019. Check more details at https://t.co/lLLzl0dUaI",Sun Feb 17 08:49:36 +0000 2019,1,0,None
Submissions are invited for a special issue of Cognitive Computation (Impact Factor: 3.479) on Affect Recognition in Multimodal Language.CFP - https://t.co/vP2Naq1C85Submission deadline - 05/05/2019Contact @soujanyaporia for further details.,Sun Feb 17 06:39:30 +0000 2019,1,1,None
RT @debanjanbhucs: https://t.co/qNFzJ7ZHki,Sat Feb 16 16:57:51 +0000 2019,0,1,None
"Congratulations to Manik Varma, @iitdelhi's Himanshu Jain, Venkatesh Balasubramanian and Bhanu Chunduri for winning the Best Paper Award at #WSDM2019 for their work on SLICE! Discover how extreme classification opens new approaches and unique applications: https://t.co/kAxF6RA2UO https://t.co/yYI43lOYJl",Fri Feb 15 08:22:23 +0000 2019,0,13,None
"Congratulations! Anupam Samanta on joining @Google as a software engineer. Anupam worked with @midasIIITD head, Dr @RatnRajiv and published two research papers. Great to hear that Anupam got ML and Data Science team in Google due to his research experience and publications. https://t.co/IcuBbjEkjc",Thu Feb 14 15:56:14 +0000 2019,14,4,1
RT @kdnuggets: Using BERT for state-of-the-art pre-training for natural language processing https://t.co/wAyERwPw3r https://t.co/ghPTpClh3p,Wed Feb 13 18:56:13 +0000 2019,0,5,1
Attention authors of ACM MultiMedia 2018 and 2017 main conference papers. Submit a reproducibility paper to ACMMM 2019 https://t.co/q2IFt9lTac @ACM_MM2018 @acmmm17 @sigmm @ACM #ReproInScience #Multimedia https://t.co/xWZQ1fenV8,Wed Feb 13 15:54:52 +0000 2019,0,11,None
"RT @kdnuggets: 9 Must-have skills you need to become a Data Scientist, updated https://t.co/OeeComtoWu https://t.co/DGq5qrQefc",Wed Feb 13 05:56:05 +0000 2019,0,11,1
@ACMMM19 @ACM Just one week is left for workshop proposal. Kindly consider submitting it. @midasIIITD @abhinavdhall @IIITDelhi @iiit_hyderabad @iitdelhi @IITKanpur @iiscbangalore @IITKgp @debanjanbhucs @the_dhumketu @RatnRajiv @fire_forum @iitmadras @soujanyaporia @NTUsg @iitbombay #ACMMM19,Thu Feb 07 19:21:52 +0000 2019,1,1,None
"@NilayShri @the_dhumketu Thanks, @NilayShri for sharing. Indeed a very good work.",Thu Feb 07 15:49:59 +0000 2019,0,0,None
RT @NilayShri: @midasIIITD @the_dhumketu this seems to be the 'trend' https://t.co/m6YfyTtwfX,Thu Feb 07 15:49:08 +0000 2019,0,1,None
"Machine Learning in Python by @PyImageSearch""Struggling to get started with machine learning using Python? In this step-by-step, hands-on tutorial you will learn how to perform machine learning using Python on numerical data and image data.""https://t.co/a0LohF8zyn https://t.co/629JMONg62",Thu Feb 07 06:23:10 +0000 2019,0,53,None
".@DeepMindAI and @Cambridge_Trust  are offering scholarships to under-represented students to study computer science. Open to applicants with an offer for MPhil in Advanced Computer Science, the deadline for 2019 start is 31 March. https://t.co/qSBESSwYgf https://t.co/fT3uCrYReP",Wed Feb 06 11:26:25 +0000 2019,0,35,None
"Google AI  and @DeepMindAI researchers have open-sourced the Hanabi Learning Environment, a testbed for collaborative multi-agent learning research. Check out the paper at https://t.co/kgGKKkNCcs and the code at https://t.co/Q0dWomA5U5",Tue Feb 05 18:32:54 +0000 2019,0,211,None
Edit: In the updated leaderboard we are now ranked 10th in the suggestion mining task! Thanks for updates @isarth23,Tue Feb 05 17:45:09 +0000 2019,0,0,None
Congratulations! @isarth23. It is our pleasure to work with you. You are a gem of @midasIIITD. https://t.co/mOJQyhd26K,Tue Feb 05 17:44:27 +0000 2019,4,0,None
"In addition to OffensEval task, @midasIIITD has also performed well in the suggestion mining task (https://t.co/UiloRZiYSr) of SemEval 19. We secured 11th rank in this task. Congrats! @debanjanbhucs Raymond, Karan Uppal, @isarth23 @the_dhumketu @RatnRajiv for your hard work.",Tue Feb 05 12:09:44 +0000 2019,5,1,None
"Thanks, Karan Uppal and @RatnRajiv for all your support.",Tue Feb 05 11:55:41 +0000 2019,1,1,None
"@midasIIITD performance in OffensEval 2019 (SemEval 2019 - Task 6).In subtask-A, we came 5th out of 103 teamsIn subtask-B, we came 8th out of 75 teamsWe are very close to best results. Congratulations! @debanjanbhucs, Raymond, @isarth23, @the_dhumketu, @LaibaMehnaz, @Simcyy https://t.co/NveQlv8wO8",Tue Feb 05 11:06:31 +0000 2019,4,3,1
One of the biggest obstacles to the adoption of #NLP and cognitive #AI is the lack of pretrained models in languages other than English. @StanfordNLP has released a full neural network pipeline for text #analytics with pretrained models in 53 languages. https://t.co/tFcbdIbP7P,Mon Feb 04 12:16:16 +0000 2019,0,39,None
"Students of @midasIIITD lab won the best student poster award at 33rd @RealAAAI 2019 conference in Honolulu, Hawaii for the paper, ""Mind Your Language: Abuse and Offence Detection for Code-Switched Languages"".Congrats! Raghav, Kshitij, @the_dhumketu @RatnRajiv @ponguru Roger.",Mon Feb 04 10:58:53 +0000 2019,0,4,None
"@RealAAAI 2019 summary for @midasIIITD.1 paper in main conference, 1 paper in EAAI, 2 papers published in student abstract and poster sessions. We won the best student poster award. 6 researchers from MIDAS lab attended the conference.Got several interests for collaborations. https://t.co/JVo6pRMWL1",Sat Feb 02 05:05:16 +0000 2019,7,3,1
"@the_dhumketu @RealAAAI Congrats! Raghav, Kshitij, and @the_dhumketu for the best student poster award!Congrats @RatnRajiv @ponguru and Prof Roger Zimmermann for their guidance. Have a great time in Honolulu, Hawaii, USA.",Fri Feb 01 07:46:57 +0000 2019,3,1,None
"Our paper titled, ""Mind Your Language: Abuse and Offence Detection for Code-Switched Languages"", won the best student poster award at 33rd @RealAAAI 2019 conference in Honolulu, Hawaii, USA. Congratulations authors! Raghav, Kshitij, @the_dhumketu, @ponguru, and Roger. #AAAI19 https://t.co/e5lFJhb6bi",Fri Feb 01 07:30:53 +0000 2019,24,3,1
"Very interesting talk by @ChenguangZhu2 at the @stanfordnlp seminar on SDNet, a new architecture for conversational question answering. https://t.co/Rb8PgEqLuP",Fri Feb 01 03:15:27 +0000 2019,0,8,None
RT @NilayShri: @midasIIITD @RatnRajiv@the_dhumketu https://t.co/PkUa18lF8p,Fri Feb 01 03:13:23 +0000 2019,0,2,None
"CFP for @ACMMM19 has been posted on WikiCFP. Kindly share with your colleagues and submit your work to #ACMMM 2019.https://t.co/Kgti6H4W8gPlease share, @IIITDelhi @iiit_hyderabad @precog_iiitd @iitdelhi @iitbombay @IITKgp @IITKanpur @_iitg @iiscbangalore @iitropar @lcs2iiitd",Thu Jan 31 06:57:04 +0000 2019,1,1,None
"@midasIIITD Lab is pleased to share our novel work titled, Harnessing GANs for Addition of New Classes in VSR (https://t.co/SdFNLNP2PR). We present a novel approach to low-shot learning that uses the idea of imagination over unseen classes in a classification problem setting.",Thu Jan 31 05:50:19 +0000 2019,4,2,None
"If you are attending @RealAAAI and liked our work, Lipper, for speech reconstruction from silent videos using lipreading then kindly vote for our Lipper paper.https://t.co/7WNpMH8992Voting open for only limited time.Pls share @midasIIITD @the_dhumketu  @debanjanbhucs",Thu Jan 31 05:32:43 +0000 2019,0,2,None
"Great to be part of this year's accepted papers at @RealAAAI from India. Out of 25 papers from India, 6 from @IIITDelhi. Congratulations IIITD, @midasIIITD, @NUSComputing. Kindly attend our presentation. https://t.co/dOs3cvAZrK",Wed Jan 30 19:46:11 +0000 2019,0,2,None
RT @MIT: Want to squelch fake news? Let the readers take charge https://t.co/Jusr6TMUse https://t.co/KDHmFDP9aE,Wed Jan 30 17:18:40 +0000 2019,0,11,1
"If you are attending @RealAAAI 2019 at Honolulu, Hawaii, USA then attend our talk in the Student Abstract Session for very interesting work on speech reconstruction from silent videos based on lipreading. It is one of the first works of this kind. Looking forward to seeing you https://t.co/rODmBKSONr",Wed Jan 30 05:00:29 +0000 2019,3,1,1
"If you are attending @RealAAAI 2019 then visit following sessions for our papers.3. Lipper: Synthesizing Thy Speech using Multi-View Lipreading- Time: Thursday, Main Paper Session- Authors: @the_dhumketu, Rohit, Salik, @RatnRajiv, Yifang, and Roger3/3",Tue Jan 29 19:42:10 +0000 2019,5,2,None
"If you are attending @RealAAAI 2019 then visit following sessions for our papers.2. Lipper: Speaker Independent Speech Synthesis using Multi-View Lipreading- Time: Wednesday, Student Abstract Session  - Authors: Salik, @the_dhumketu, Rohit, Swati, @RatnRajiv, and Roger2/3",Tue Jan 29 19:39:29 +0000 2019,3,1,None
"If you are attending @RealAAAI 2019 then visit following sessions for our papers.1. Mind Your Language: Abuse and Offense Detection on Code-Switched Languages- Time: Tuesday, Student Abstract Session (SAS)- Authors: Raghav, @the_dhumketu, Kshitij, @RatnRajiv, PK, Roger  1/3",Tue Jan 29 19:31:35 +0000 2019,2,1,None
@TechAtBloomberg @debanjanbhucs It is a great experience to work with @debanjanbhucs.@midasIIITD looks forward to many more such works with Bloomberg.,Tue Jan 29 18:05:01 +0000 2019,5,2,None
Learn more about the collaborative efforts of researchers @debanjanbhucs &amp; Daniel Preo≈£iuc-Pietro w/ academics around the globe to publish papers at #AAAI2019 demonstrating the application of #textanalytics in education &amp; #NLProc for #socialmedia analysis https://t.co/Y6i31a1y6J,Tue Jan 29 18:03:31 +0000 2019,0,5,None
We as researchers working at Bloomberg also get opportunities to collaborate with academia. Here are the outcomes of two such collaborations published at AAAI 2019 #AAAI2019 @RealAAAI #EAAI19 @midasIIITD https://t.co/xfmWXhO3WC,Tue Jan 29 17:52:23 +0000 2019,0,2,None
RT @kdnuggets: 7 Steps to Mastering Basic Machine Learning with Python ‚Äî 2019 Edition https://t.co/yZExGjOVWH https://t.co/sJC8p2kTyp,Tue Jan 29 14:52:24 +0000 2019,0,33,1
"@TechAtBloomberg @debanjanbhucs @IIITDelhi @RatnRajiv Congrats, team @midasIIITD! https://t.co/ncsgSUusUb",Tue Jan 29 05:17:27 +0000 2019,3,1,1
"#Textanalytics researcher @debanjanbhucs joins @IIITDelhi's @RatnRajiv &amp; other co-authors to present ""Get IT Scored using AutoSAS - An Automated System for Scoring Short Answers"" during the #AI for #Education track (1:30-2:50 PM HST) at EAAI-19 https://t.co/5l2ftIHgpU #AAAI2019 https://t.co/efmAOUDUID",Tue Jan 29 04:40:47 +0000 2019,0,5,None
RT @kdnuggets: Top 16 #OpenSource #DeepLearning Libraries and Platforms #KDN https://t.co/TycxmMSCWs,Mon Jan 28 12:11:29 +0000 2019,0,8,None
"Using data from more than 6,000 patients, @EPrinceton researchers applied #machinelearning methods to design a system that could both reduce the frequency of blood tests and improve the timing of critical treatments. https://t.co/AFDeOBdQPx",Mon Jan 28 12:11:13 +0000 2019,0,20,None
In 1929 Cornell Lab founder Arthur Allen made the very first recordings of wild birds. Follow @MacaulayLibrary as they share bits of history every week in celebration. Here's more on our origins in sound: https://t.co/iDwhS4TpGY,Mon Jan 28 12:10:37 +0000 2019,0,68,None
"Natural Questions: A new QA dataset consisting of 300,000+ naturally occurring questions (posed to Google search) with human provided long &amp; short answers based on Wikipedia. Looks like an exciting new benchmark!Paper: https://t.co/JzRg3E8VQgCompetition: https://t.co/avU2M0Wa9U https://t.co/DIsl11cvX0",Fri Jan 25 08:56:54 +0000 2019,0,141,None
RT @kdnuggets: 10 More #Free Must-Read #Books for #MachineLearning and #DataScience #KDN https://t.co/EtMyAJFl6d,Thu Jan 24 15:43:25 +0000 2019,0,24,None
RT @kdnuggets: How to build an API for a machine learning model in 5 minutes using Flask https://t.co/VFN7NmCqTu https://t.co/oZ8rXEGM5w,Thu Jan 24 15:42:59 +0000 2019,0,25,1
@ACMMM19 @ACM @abhinavdhall consider submitting your proposal.,Wed Jan 23 10:24:14 +0000 2019,0,0,None
Jump start your @ACM #Multimedia workshop submission... First workshop titles are now online https://t.co/S9ZSaJTH1a But also remember: You can still submit a workshop proposal: Deadline 15 Feb https://t.co/DCk4ZK35fz https://t.co/fkBLm5F6SB,Wed Jan 23 10:23:34 +0000 2019,0,10,None
"@NUSComputing Congratulations! Yaman @the_dhumketu , Roger, Yifang, @RatnRajiv, Rohit, and Salik.",Tue Jan 22 14:04:40 +0000 2019,1,1,None
‚ö°Ô∏è ‚ÄúAchievements‚Äùhttps://t.co/LvZt1GTY4C,Tue Jan 22 14:02:51 +0000 2019,3,1,None
A/P Roger Zimmermann and his collaborators from IIIT Delhi developed a lipreading system that produces audio from lip movements detected in a silent video. The team won the Best Poster Runner Up award at the IEEE ISM conference for their work.Read more: https://t.co/VYIOWLxjWI https://t.co/Yx3UaQ9Fy7,Tue Jan 22 13:58:08 +0000 2019,0,2,None
"Welcome one member to our @midasIIITD family, SkyWalker. It will strengthen our team with Falcon. #midas #server #falcon #skywalker https://t.co/u6YOBaJ7DB",Mon Jan 21 16:29:31 +0000 2019,9,1,1
Dr @RatnRajiv Shah delivered a research talk in the National Symposium on Natural Languages Processing and Artificial Intelligence at the Manipal University Jaipur. He discussed different multimedia systems for society and healthcare which @midasIIITD lab is currently working on. https://t.co/cVAGyk9xAs,Mon Jan 21 15:19:33 +0000 2019,6,2,1
"Don't miss this new article from @ted_dunning, who presents practical methods for near real-time monitoring of machine learning systems.How to Monitor Machine Learning Models in Real-Time https://t.co/HwFojiwRMJ via @kdnuggets #ML #realtimemonitoring https://t.co/PDqNE2u8a8",Mon Jan 21 09:33:03 +0000 2019,0,9,None
Stuck inside with stir-crazy kids? üò´ü§íüòµCheck out these downloadable machine learning projects designed for kids aged 8-16 üëâhttps://t.co/i4Zzh3qngz https://t.co/OY7EIMMGfq,Mon Jan 21 09:32:03 +0000 2019,0,37,None
"@Princeton @nyuniversity @nytimes Team @midasIIITD, do we have the same trend in India?",Mon Jan 21 06:54:14 +0000 2019,0,0,None
RT @Harvard: Researchers find connections between worry and the development of heart disease https://t.co/yQ4miy8DHI,Sun Jan 20 05:49:19 +0000 2019,0,77,None
"Researchers across Stanford are exploring ways to predict and prevent preterm births, and to improve care for the highest-risk newborns. https://t.co/OncN0gqJfH",Sat Jan 19 18:15:35 +0000 2019,0,8,None
"Meet our members of @midasIIITD .https://t.co/2PFbtoDtDRWe welcome new members to our group. MIDAS is a group of researchers at IIIT-Delhi who study, analyze, and build different multimedia systems for society leveraging multimodal information. #multimedia #research #lab",Sat Jan 19 09:59:16 +0000 2019,7,2,None
RT @kdnuggets: How to Monitor Machine Learning Models in Real-Time https://t.co/9UpYVzlQWI https://t.co/9lK9eoOVWe,Sat Jan 19 03:27:33 +0000 2019,0,9,1
"Congratulations! @Leomi7 @ashualloy @RatnRajiv Ayush, Himanshu, Aditya, Deepanshu, @isarth23 @rgrgrajat1",Fri Jan 18 10:25:41 +0000 2019,6,0,None
"#Pushshift is happy to announce a new dataset for your ML / NLP / Research pleasure -- Data for over 340+ Stackexchange sites including questions, answers, comments, users, tags and badges!https://t.co/uCDJnbzYfQ#bigdata #datascience #datasets",Fri Jan 18 10:17:02 +0000 2019,0,20,None
Proceedings of FIRE 2018 is online now at https://t.co/vzLpwVp1QbOur 4 papers are:1. Fully Automatic Approach to Identify Factual or Fact-checkable Tweets2. Multilingual Author Profiling from SMS3. NMT based Tamil Translation 4. Named Entity Recognition for Indian Languages,Fri Jan 18 10:16:26 +0000 2019,10,2,None
Only 20 percent of pediatric cancer patients in lower- and middle-income countries will survive. Engineering students partnered with @DanaFarber on a class project that could help save thousands of children‚Äôs lives: https://t.co/PMrF1beSip https://t.co/SJUldNyi9j,Thu Jan 17 04:04:16 +0000 2019,0,27,None
Can virtual reality transform medicine? Psychologist JoAnn Difede @WeillCornell began using #VR with soldiers and survivors from 9/11 suffering from PTSD. https://t.co/nAOPRd93tK,Thu Jan 17 04:03:55 +0000 2019,0,11,None
RT @kdnuggets: Explainable Artificial Intelligence https://t.co/rllNxnm73U https://t.co/mAYFPMJF8P,Sun Jan 13 16:45:48 +0000 2019,0,20,1
@abhinavdhall @RatnRajiv Emailed you.,Sun Jan 13 16:40:46 +0000 2019,0,0,None
"A comprehensive list of #MachineLearning Resources: Open Courses, Textbooks, #Tutorials, Cheat Sheets and more #KDN https://t.co/udItzi20oH",Sun Jan 13 16:03:25 +0000 2019,0,41,None
"Call for Book Chapter- Springer- Deep learning based approaches for sentiment analysis. Contact for more details.Important Dates:Abstract: Jan 15, 2019Notification: Jan 31Full chapter:  April 15First review: May 15Final notification: June 30Camera Ready: July 15",Sun Jan 13 07:19:19 +0000 2019,6,1,None
"The average woman is exposed to four medications during her pregnancy and over 80 percent of medications haven‚Äôt been studied in a like population. ""Pregnant women deserve better,"" @StanfordMed pediatrician Heather Byers says. ""It's a matter of justice."" https://t.co/5YTrUkP26I",Sat Jan 12 14:37:07 +0000 2019,0,48,None
@harvardmed @Harvard Another interesting direction to our previous work @MADAIguy @Leomi7,Thu Jan 10 08:51:20 +0000 2019,1,0,None
A first-of-its-kind strategy aims to improve outcomes for kidney cancer patients who are at high risk of recurrence following surgery https://t.co/MQh5vGH2A2,Thu Jan 10 08:50:35 +0000 2019,0,27,None
"Fortunate to have appreciation from my former NUS professor, Dr. Terence Sim.He also appreciated our @RealAAAI2019 paper on speech reconstruction from silent videos based on lireading.Congrats @Leomi7@MADAIguy @the_dhumketu#wacv #hawaii #nus #research https://t.co/13xFaFIAwL",Thu Jan 10 08:48:17 +0000 2019,0,3,None
RT @Harvard: The study provides potential future targets for drug development to treat osteoporosis https://t.co/YhfrOovdbO,Wed Jan 09 02:05:06 +0000 2019,0,9,None
"In the final episode of series one of our Futuremakers podcast series, hear from Professor Sir @Nigel_Shadbolt on where the field of artificial intelligence research has come from, and where it‚Äôs going... https://t.co/4IQw9WO012 https://t.co/nEdkpZTDUg",Mon Jan 07 09:05:12 +0000 2019,0,16,None
@ACMMM19: Call for Workshop Proposals Deadline: Friday 15 February 2019https://t.co/vpdx97ucNP#ACMMM19 #Multimedia #Research #Nice #France,Sun Jan 06 12:54:06 +0000 2019,1,0,None
@ACMMM19: Call for Grand Challenge ProposalsDeadline: Tuesday 8 January 2019Check more details at-  https://t.co/uT3bFAsjfU#ACMMM #Multimedia #Research #Nice,Sun Jan 06 04:29:25 +0000 2019,1,0,None
"Since 1993, ACM Multimedia has been bringing together researchers and practitioners from academia and industry to present innovative research results and discuss recent advancements. Check @ACMMM19 website for more details: https://t.co/QroXuO8ZAV#ACMMM #Multimedia #Research",Sun Jan 06 04:09:54 +0000 2019,5,1,None
@ACMMM19 is structured around four themes (alphabetical):Engaging users with multimediaMultimedia experienceMultimedia systemsUnderstanding multimedia contentMultimedia research focuses on integration of the multiple perspectives offered by different digital modalities.,Sun Jan 06 04:07:29 +0000 2019,1,0,None
ACM Multimedia 2019: First Call for Papers/Call for Contributions@ACMMM19 is the premier international conference in the area of multimedia within the field of computer science.  Details on the conference themes are available on the conference website: https://t.co/QroXuO8ZAV,Sun Jan 06 04:05:38 +0000 2019,4,2,None
Happy new year! 2019 started with a bang. Thanks to everyone working to help resolve the ACM webserver hack issues. Please watch here for the news that the website is virus free: should be soon.,Thu Jan 03 06:14:05 +0000 2019,0,2,None
You may follow @midasIIITD updates through following:Website: https://t.co/sPvbKhflKQFacebook: https://t.co/yMDAL2pof0LinkedIn: https://t.co/ZPNNnLTi8ZWe look forward to producing some groundbreaking work in 2019 which can help society through ML and Multimedia Processing.,Tue Jan 01 17:21:49 +0000 2019,4,2,None
"Today, @midasIIITD completed one year at @IIITDelhi. In last one year, we have shown our strong presence in research communities of top-tier conferences and journals through our world-class research. This could not have been possible without the hard work of MIDAS researchers. https://t.co/zCdQr8Zfwe",Tue Jan 01 17:17:56 +0000 2019,14,5,1
Happy anniversary to @midasIIITD . It surely has been a productive year for us and hope to see some ground breaking work in the upcoming year.,Tue Jan 01 16:14:24 +0000 2019,0,4,None
Two Research Assistant (RA) positions are still open. Contact us if you are eligible and interested to work on the mentioned projects. PS: RAs are full-time jobs. Only apply if you have finished your studies.,Thu Dec 27 10:28:31 +0000 2018,2,1,None
"Positions for two Research Assistants (RA) are still open at @midasIIITD. Interested candidates may send their CV at midas AT https://t.co/ey7h1zgmKDPS: RAs are full-time positions. Thus, only candidates who have finished their study are requested to apply. #MIDAS #Humonics #RA",Thu Dec 27 09:59:06 +0000 2018,5,3,None
"I wrote a blogpost on CoreNLP highlighting some of its functionality. If you want a quick dip before diving into the course, you can find it here: https://t.co/hijXt41s9Q https://t.co/ZbdKE16Wkq",Thu Dec 27 02:33:58 +0000 2018,0,12,None
"@RatnRajiv delivered a research talk at the Central Research Laboratories of NEC Corporation, Japan. He discussed several multimedia systems for society and healthcare. He had interesting pre and post-talk discussions on multimedia systems for cybersecurity that can help society. https://t.co/itWHzv0ias",Wed Dec 26 09:41:04 +0000 2018,14,2,1
@midasIIITD look forward to work together. https://t.co/nrpf32ODo2,Tue Dec 25 04:15:15 +0000 2018,1,0,None
"@the_dhumketu @punnibhai @Hitkul_, FYI. https://t.co/yZb9mdr6IB",Tue Dec 25 03:00:21 +0000 2018,2,1,None
KCIS Distinguished Lecture by Andrew Zisserman on Learning from Sight and Sound. Three-time Marr Prize winner Zisserman is one of the principal architects of modern computer vision.Register to attend his lecture at https://t.co/mMetPJiOlD#iiith #kcis #andrewzisserman https://t.co/gmlVuuX0xD,Mon Dec 24 07:39:21 +0000 2018,0,12,None
"Our latest blog post is out! Check it out for a recording and summary of highlights from the event ""AI and the Future of Work"" featuring Dr. Kai Fu-Lee @kaifulee, professor @Susan_Athey, and professor Erik Brynjolfsson @erikbryn.https://t.co/PR2TIWyRyF",Fri Dec 21 03:50:39 +0000 2018,0,32,None
"In two new papers, @PratikShahPhD and collaborators present novel #AI and machine learning methods to improve diagnosis at the point of care for conditions including prostate cancer and sepsis.https://t.co/wkcYL4Lqx2",Thu Dec 20 18:05:35 +0000 2018,0,8,None
Wonderful get together with our NII colleagues. Prior to that we had a wonderful talk with Prof Chua Tat-Seng from National University of Singapore. It was inspiring talk and has given sevearl reseach directions to @midasIIITD team at NII.#research #NII #Tokyo #MultiMedia #IIITD https://t.co/RRMQpTIrqW,Thu Dec 20 06:14:52 +0000 2018,0,3,None
"@ACMMM19 is the premier international conference in the area of multimedia within the field of computer science. Multimedia research focuses on integration of the multiple perspectives offered by different digital modalities including images, text, video, music, and sensor data. https://t.co/8RPzQHnB34",Wed Dec 19 02:16:31 +0000 2018,2,3,1
Feel free to contact us if you have any query on @ACMMM19. We look forward to your submissions to ACM Multimedia conference 2019. Check more details on submission at https://t.co/xA2jk0KPPC#Multimedia #Research #ACMMM2019 #Nice,Tue Dec 18 14:42:27 +0000 2018,3,2,None
@NilayShri @RatnRajiv @ACMMM19 Looking forward to your paper to @ACMMM19.,Tue Dec 18 14:27:12 +0000 2018,3,0,None
"@midasIIITD head, Dr. @RatnRajiv appointed as one of the publicity co-chairs for @ACMMM19. ACM Multimedia is the premier conference for Multimedia research. We look forward to supporting a large number of submissions to https://t.co/QroXuO8ZAV this year from India. #Multimedia",Tue Dec 18 14:15:32 +0000 2018,12,5,None
@ACMMM19 @the_dhumketu fill the volunteer form for reviewer.,Tue Dec 18 12:34:10 +0000 2018,1,0,None
New in 2019! Volunteer to serve as ACM Multimedia Area Chair or Reviewer. Please provide information on your qualifications in the volunteer form. https://t.co/LCJGeP7BNy,Tue Dec 18 12:33:42 +0000 2018,0,7,None
"Congratulations! authors Yaman @the_dhumketu, @RatnRajiv, and team @midasIIITD for winning the best poster runner-up at 20th IEEE International Symposium on Multimedia (ISM) conference 2018. Watch sample demo of their work at https://t.co/ARRD3j934s#research #multimedia https://t.co/Wv7dJAba6u",Tue Dec 18 04:38:35 +0000 2018,0,3,None
"Best wishes to @midasIIITD students @_himanshu0113, @Hitkul_, and Shivangi on starting their research internship at National Institute of Informatics (NII), Tokyo, Japan. They will be working with our collaborators Prof Yu and Prof Satoh for six months. #internship #tokyo #nii https://t.co/JwWA8D9uHH",Mon Dec 17 16:57:00 +0000 2018,14,4,1
"Computer model could improve human-machine interaction, provide insight into how children learn language. https://t.co/ToQo6GTMcG https://t.co/aSBINEDMuE",Mon Dec 17 15:05:44 +0000 2018,0,20,None
"Great @Wired interview with Geoff #Hinton on #AI risks, explanation, Graphcore chips, brain vs neural nets, and why there will not be an AI winter (because it drives your cellphone now)  https://t.co/T11jHgSuji https://t.co/gpUn2d5eFi",Mon Dec 17 14:37:00 +0000 2018,0,20,None
A defective metabolic pathway in aging immune cells may explain why the elderly commonly experience weakened immunity https://t.co/53rju5gPjb,Mon Dec 17 14:05:47 +0000 2018,0,168,None
RT @stanfordnlp: Thread on (neural) reasoning. üëá https://t.co/kyJs5xztwA,Sun Dec 16 15:01:20 +0000 2018,0,10,None
"Congratulations! Yaman @the_dhumketu, Rohit, Salik, Yifang, Roger, @RatnRajiv for winning the best poster runner-up in 20th IEEE International Symposium on Multimedia (ISM) conference in Taichung, Taiwan.Great work team @midasIIITD MIDAS and @IIITDelhi. #multimedia #ieee #ism https://t.co/zZk21IBAS1",Wed Dec 12 03:56:19 +0000 2018,16,3,1
"Yaman @the_dhumketu presented our idea of reconstructing speech from silent videos based on lip movements in the ""Brave New Idea"" session of ACM Multimedia 2018 in Seoul, South Korea. A proud moment for @midasIIITD since it is one of the only five selected papers.#Congrats https://t.co/vEN9WFwMJQ",Sat Dec 01 15:24:51 +0000 2018,20,4,1
Several Research Assistant and Intern positions are available at @midasIIITD lab. Check https://t.co/tfdisnpfw1 for more details. #RA #internship #research #ML #ComputerVision #SpeechProcessing https://t.co/vaTjL3yk9S,Wed Nov 21 04:08:34 +0000 2018,11,10,1
RT @kdnuggets: Variational Autoencoders Explained ‚Äì Towards Data Science https://t.co/g2HC2ne5DW https://t.co/CHkAMeYoNz,Tue Nov 20 09:05:09 +0000 2018,0,10,1
Positions for research assistants and interns are open at the @midasIIITD Lab. Check https://t.co/tfdisn7E7r for more details.  Check more details of MIDAS at https://t.co/pibbLXnvMhLast date: 28 Nov 2018#RA #MIDAS #Opening #Internship,Mon Nov 19 10:23:49 +0000 2018,2,4,None
"Congratulations @Leomi7 Meghna, @punnibhai Puneet, @RatnRajiv, and Dr. Shree Gopal Sharma for getting your paper, Exploring Classification of Histological Disease Bio-markers from Renal Biopsy Images, accepted to IEEE Winter Conference on Applications of Computer Vision (WACV). https://t.co/ho0IH1xcD0",Mon Nov 05 19:33:31 +0000 2018,7,2,1
Application for Ph.D. admission at @IIITDelhi is open now. Check more details at https://t.co/qZ21U9ugwg.Deadline: 16 Nov #PhD #Admission #IIITD,Fri Nov 02 04:31:26 +0000 2018,4,3,None
RT @NirantK: 1/n The Wonderful World of Fine Tuned Language Models. Threadüëá,Fri Nov 02 04:08:47 +0000 2018,0,40,None
"My 2 full papers and 2 student papers selected in @RealAAAI !!@midasIIITD Rocks!! Thanks @RatnRajiv , @debanjanbhucs #AAAI #EAAI",Thu Nov 01 03:20:32 +0000 2018,0,2,None
"@the_dhumketu @sundarpichai @GoogleAI @Googleorg @RatnRajiv We will be very happy to contribute for the same. The theme of our lab @midasIIITD is the same, AI for social good. Hope to work with @GoogleAI for the same.",Wed Oct 31 04:49:32 +0000 2018,0,0,None
"Two @midasIIITD interns, @Leomi7 and Sahil Chopra, are attending EMNLP 2018 to present our papers. Best wishes to them for their first and the best NLP conference visit. #EMNLP #WASSA @SMM4H #AWL #WMT #NLP #Interns #Research",Mon Oct 29 08:47:07 +0000 2018,9,4,None
"Need Help Getting Started with Applied Machine Learning? All ML beginners should go through it first. https://t.co/ORpdNPubOwThanks, @Hitkul_ for sharing.",Sun Oct 28 03:25:51 +0000 2018,1,0,None
Two student papers got accepted at AAAI despite this year 70% more submissions and the number of accepted papers same than the last year.1. Mind your Language: Abuse and Offense Detection for Code-Switched Languages 2. Lipper: Speaker Independent LipreadingCongrats @midasIIITD,Sun Oct 28 02:48:34 +0000 2018,14,4,None
"Another #ACMMM18 paper titled, ""Learning and Fusing Multimodal Deep Features for Acoustic Scene Categorization"", is online now at https://t.co/uVATECqxVT#ACMMM18 #ACMMM #Multimedia #MIDAS",Wed Oct 24 11:41:59 +0000 2018,4,0,None
"Our paper on ""Harnessing AI for Speech Reconstruction using Multi-view Silent Video Feed"" is online now at https://t.co/dHex1leFw8You may see the demo at https://t.co/SIpbFRhonq #ACMMM18 #ACMMM #Multimedia #MIDAS",Wed Oct 24 11:39:32 +0000 2018,1,0,None
"One of our papers on ""Detection of Personal Intake of Medicine from Twitter"" published in IEEE Intelligent Systems Journal. https://t.co/CneUTcfpb3 #Healthcare #HealthTech #NLProc",Mon Oct 22 03:54:29 +0000 2018,0,2,None
"Training Neural Nets on Larger Batches: Practical Tips for 1-GPU, Multi-GPU &amp; Distributed setups  https://t.co/nAELMYGCie",Wed Oct 17 09:07:33 +0000 2018,4,0,None
"@smnh_azadi @goodfellow_ian FYI, @the_dhumketu",Wed Oct 17 07:10:25 +0000 2018,0,0,None
Apply this simple rejection sampling technique to get rid of the bad samples generated by your GAN model. https://t.co/Mcfi3wJqqH,Wed Oct 17 07:09:47 +0000 2018,0,45,None
@UniofOxford @turinginst Check @Leomi7 @punnibhai,Wed Oct 17 07:08:59 +0000 2018,0,0,None
"We are making available a large multimodal multiparty dataset, manually annotated for emotion and sentiment. With D. Hazarika, N. Majumder, G. Naik, E. Cambria, @radamihalcea.MELD includes 13,000 utterances in 1,300 dialogues.https://t.co/LhwDZ96wqDEnjoy! :) https://t.co/3Z9nqMagMK",Wed Oct 17 07:07:43 +0000 2018,0,16,None
"Thank you, Dr. Debanjan Mahata @debanjanbhucs https://t.co/vXGHxkd2T3",Tue Oct 16 17:45:30 +0000 2018,0,0,None
"Dear Colleagues, 3 more days to go.@mr2amc  Deadline extended until Oct 18 Please consider submitting your research contribution to the 2nd MR2AMC:  Multimodal Representation, Retrieval, and Analysis of Multimedia  Content in Social Media workshop at the 20th IEEE ISM 2018.",Tue Oct 16 03:44:19 +0000 2018,0,2,None
RT @AKASH_2907: My internship experience @midasIIITD during summer 2018.‚ÄúContent-based Video Relevance Prediction‚Äù https://t.co/rqovlLUSI7,Mon Oct 15 11:09:59 +0000 2018,0,2,None
"@AKASH_2907 @AKASH_2907, it was great having you at @midasIIITD. We hope it was a great learning experience for you. We wish your submitted paper will get accepted soon.",Mon Oct 15 11:09:53 +0000 2018,0,0,None
"The demo of our MyLipper system which got accepted to the 20th IEEE International Symposium on Multimedia 2018 conference is as follows: https://t.co/SIpbFQZNvS. Thank you, @the_dhumketu , Rohit, and Salik for the great work. #Demo #MyLipper #ISM #MIDAS #IIITD #Multimedia",Sat Oct 13 13:50:07 +0000 2018,5,2,None
"Congratulations Yaman @the_dhumketu, Rohit, Salik, and Dr. Shah @RatnRajiv on getting their paper titled, ""MyLipper : A Personalized System for Speech Reconstruction using Multi-View Visual Feeds"", accepted to the 20th IEEE International Symposium on Multimedia (ISM) conference.",Fri Oct 12 17:50:10 +0000 2018,5,1,None
"Dear Colleagues,@mr2amc Deadline extended until Oct 18, 2018.Please consider submitting your research contribution to the 2nd MR2AMC: Multimodal Representation, Retrieval, and Analysis of Multimedia Content in Social Media workshop at the 20th IEEE ISM 2018.@midasIIITD share.",Fri Oct 12 03:48:01 +0000 2018,0,2,None
"Congratulations Puneet Mathur @punnibhai , Meghna Ayyar @Leomi7, Dr. Rajiv Ratn Shah @RatnRajiv, and Dr. Shree Gopal Sharma on getting their paper (Harnessing AI for Kidney Glomeruli Classification) accepted to 20th IEEE International Symposium on Multimedia. #ISM #MIDAS #IIITD",Fri Oct 12 03:37:46 +0000 2018,10,3,None
"MTech and Ph.D. students of @IIITDelhi, if you are interested in pursuing 6 months research internship at National Institute of Informatics (NII), Japan then you may contact @midasIIITD founder Dr. @RatnRajiv for the same. Last date: 31 Oct#research #internship #tokyo #japan",Wed Oct 10 17:56:45 +0000 2018,7,1,None
"Thank you, @nvidia for your support. https://t.co/teGlvxhCKr",Tue Oct 09 17:25:48 +0000 2018,13,3,1
"MR2AMC'18: Multimodal Representation, Retrieval, and Analysis of Multimedia Content in Social Media       Deadline: October 7, 2018       Best paper award anticipated       Keynote talks by top researchershttps://t.co/uijUfXD3K1  @midasIIITD please submit some papers.",Sat Oct 06 15:22:39 +0000 2018,0,1,None
Best GAN samples ever yet? Very impressive ICLR submission! BigGAN improves Inception Scores by &gt;100.Paper: https://t.co/DEVUtFaPd3Lots more samples: https://t.co/FSUqs2L7Xm https://t.co/kbD8I8xrGH,Sun Sep 30 07:22:30 +0000 2018,0,575,None
"I compiled a list of top ten reasons to study Computer Science, and with the help of talented graphic designers, turned them into an infographic (high quality pdf here https://t.co/h3n5vnPgUx)The #1 reason? Make a difference in the world!Share and spread the love for CS. https://t.co/qEhJzwfcf4",Sun Sep 30 07:20:56 +0000 2018,0,47,None
"Too many Turing awards, Field medals, Abel prizes, and Nevanlinna prizes in a frame. üòÜThank you, @HLForum for providing a platform to young researchers to meet, discuss, and spend a week with laureate in CS and Maths.@midasIIITD @IIITDelhi encourage your students to apply. https://t.co/8WWuMKAbOD",Fri Sep 28 21:36:34 +0000 2018,0,1,None
"Thank you, @HLForum for organizing a wonderful conference with laureate in computer science and mathematics. It could not be done better than this. Thanks for providing an opportunity. https://t.co/r9ThrbXq7N",Fri Sep 28 21:17:16 +0000 2018,0,1,None
Congrats @midasIIITD student @Simcyy for getting selected to @Adobe Research for her summer internship in 2019.,Sat Sep 22 20:53:27 +0000 2018,4,1,None
"MR2AMC'18: Multimodal Representation, Retrieval, and Analysis of Multimedia Content in Social Media     Deadline: October 7, 2018     Best paper award anticipated     Keynote talks by top researchers in multimedia research     https://t.co/uijUfXlslr    @midasIIITD",Wed Sep 12 09:48:48 +0000 2018,0,2,None
"Please submit your research papers on multimedia, social media, and multimodal computing to @mr2amc 2018. More details can be found at https://t.co/uijUfXlslr#MR2AMC #ISM #IEEE #Multimedia #Research #SocialMedia",Mon Sep 10 17:46:41 +0000 2018,0,2,None
RT @debanjanbhucs: Summarizing some recent developments in word embeddings #nlp https://t.co/XykpLifuop,Mon Sep 10 05:37:01 +0000 2018,0,3,None
RT @debanjanbhucs: Excellent post for those working on word embeddings #NLP #MachineLearning  https://t.co/xENTzh7GrZ,Sun Sep 09 05:14:58 +0000 2018,0,2,None
"@sharmadrishti @IIITDelhi @emnlp2018 Thank you, @sharmadrishti @midasIIITD @midasIIITD @RatnRajiv",Thu Sep 06 09:59:01 +0000 2018,1,0,None
"Congratulations team @midasIIITDfor getting 4 papers accepted to @emnlp2018 workshops.  1) Offensive Tweets Classification, 2) Identification of Blood Donation Request on Twitter, 3) Exploring and Learning Suicidal Ideation Connotations on Social Media, 4) NMT for English-Tamil",Thu Sep 06 05:08:53 +0000 2018,0,4,None
"RT @kdnuggets: Auto-Keras, or How You can Create a #DeepLearning Model in 4 Lines of Code #KDN https://t.co/A1FgKE0ZKA",Wed Sep 05 18:05:33 +0000 2018,0,11,None
